{"stats":{"minecraft:used":{"minecraft:dirt":5},"minecraft:custom":{"minecraft:jump":121,"minecraft:time_since_rest":5314,"minecraft:damage_taken":360,"minecraft:leave_game":3,"minecraft:play_time":5991,"minecraft:time_since_death":5283,"minecraft:sprint_one_cm":22117,"minecraft:walk_one_cm":46318,"minecraft:walk_on_water_one_cm":5940,"minecraft:deaths":1,"minecraft:total_world_time":5991,"minecraft:walk_under_water_one_cm":4538,"minecraft:fall_one_cm":1502,"minecraft:fly_one_cm":3995},"minecraft:picked_up":{"minecraft:pumpkin":6,"minecraft:dirt":19},"minecraft:mined":{"minecraft:tall_grass":1,"minecraft:grass":2,"minecraft:grass_block":5,"minecraft:dirt_path":1,"minecraft:pumpkin":6,"minecraft:dirt":13}},"DataVersion":3465}