{"stats":{"minecraft:used":{"minecraft:cooked_mutton":1,"minecraft:dirt":5,"minecraft:cooked_beef":1},"minecraft:custom":{"vampirism:interact_with_garlic_diffuser":1,"minecraft:open_chest":4,"minecraft:time_since_rest":14203,"minecraft:sprint_one_cm":35824,"minecraft:play_time":24866,"minecraft:deaths":1,"minecraft:damage_taken":510,"minecraft:walk_one_cm":69039,"minecraft:walk_under_water_one_cm":4538,"minecraft:jump":217,"minecraft:leave_game":8,"minecraft:walk_on_water_one_cm":5940,"minecraft:time_since_death":24158,"minecraft:sleep_in_bed":1,"minecraft:climb_one_cm":3128,"minecraft:total_world_time":24866,"vampirism:interact_with_research_table":1,"minecraft:fall_one_cm":7297,"minecraft:fly_one_cm":33171},"minecraft:picked_up":{"minecraft:pumpkin":6,"minecraft:spruce_log":2,"minecraft:dirt":23,"minecraft:egg":1},"minecraft:mined":{"minecraft:grass":2,"minecraft:grass_block":8,"minecraft:dirt_path":1,"minecraft:dirt":14,"minecraft:tall_grass":1,"minecraft:spruce_log":2,"minecraft:pumpkin":6,"minecraft:oak_leaves":2}},"DataVersion":3465}