{"stats":{"minecraft:used":{"minecraft:dirt":5},"minecraft:custom":{"minecraft:jump":152,"minecraft:time_since_rest":10902,"minecraft:damage_taken":360,"minecraft:leave_game":7,"minecraft:play_time":21565,"minecraft:time_since_death":20857,"minecraft:sprint_one_cm":22117,"minecraft:walk_one_cm":50509,"minecraft:walk_on_water_one_cm":5940,"minecraft:deaths":1,"minecraft:sleep_in_bed":1,"minecraft:total_world_time":21565,"minecraft:walk_under_water_one_cm":4538,"minecraft:fall_one_cm":2814,"minecraft:fly_one_cm":4870},"minecraft:picked_up":{"minecraft:pumpkin":6,"minecraft:dirt":22},"minecraft:mined":{"minecraft:tall_grass":1,"minecraft:grass":2,"minecraft:grass_block":7,"minecraft:dirt_path":1,"minecraft:pumpkin":6,"minecraft:dirt":14}},"DataVersion":3465}